cohort,outcome,subgroup,arm,n,events,auroc,lo,hi
UKBB,af5,ALL,RiskScore,5147,261,0.7898240810008422,0.7611535146944197,0.8156406881495806
UKBB,af5,ALL,ECG-FM,5147,261,0.757303296775681,0.7235019164929747,0.7879203698737341
UKBB,af5,ALL,CL(ECG),5147,261,0.7693045106591199,0.73757045699418,0.8002917280273766
UKBB,af5,ALL,CL(ECG+MRI),5147,261,0.8160139298613758,0.7881204391152766,0.8445394261185685
UKBB,af5,ALL,CL(ECG)+RS,5147,261,0.8212525269634251,0.7942059610459473,0.8459034962666027
UKBB,af5,ALL,CL(ECG+MRI)+RS,5147,261,0.8354537085393721,0.8093252792010326,0.8572955139635804
UKBB,af5,age<65,RiskScore,2886,58,0.7411903136126421,0.6778066014729551,0.8023438643125396
UKBB,af5,age<65,ECG-FM,2886,58,0.7092376725357264,0.6383628310491147,0.7786227930059016
UKBB,af5,age<65,CL(ECG),2886,58,0.6922675949860996,0.6300916329317661,0.7566773764814905
UKBB,af5,age<65,CL(ECG+MRI),2886,58,0.7701616836560503,0.7132008882846412,0.8209665201433937
UKBB,af5,age<65,CL(ECG)+RS,2886,58,0.7756974589084524,0.7219818441203726,0.8280457433058577
UKBB,af5,age<65,CL(ECG+MRI)+RS,2886,58,0.7901404672486954,0.7343295798175876,0.8394160305808905
UKBB,af5,age>=65,RiskScore,2261,203,0.7244706468090403,0.6878495310861854,0.761815060295758
UKBB,af5,age>=65,ECG-FM,2261,203,0.73057921268437,0.6914794841229948,0.7692604733659826
UKBB,af5,age>=65,CL(ECG),2261,203,0.7478888106966924,0.7056128133871423,0.787433965493305
UKBB,af5,age>=65,CL(ECG+MRI),2261,203,0.7919880126575612,0.7565636863471638,0.8273199145949724
UKBB,af5,age>=65,CL(ECG)+RS,2261,203,0.7846706592559614,0.7485975072646934,0.8169791561944976
UKBB,af5,age>=65,CL(ECG+MRI)+RS,2261,203,0.8100336545596423,0.7778879848913527,0.8419147673143853
UKBB,af5,female,RiskScore,2662,82,0.8053223671771601,0.7530844677632823,0.851651895443373
UKBB,af5,female,ECG-FM,2662,82,0.7599404424276801,0.7000415957647949,0.8202814804310834
UKBB,af5,female,CL(ECG),2662,82,0.7641307430516165,0.7033134217243335,0.8233178530913215
UKBB,af5,female,CL(ECG+MRI),2662,82,0.830702873889204,0.7839277864435621,0.8744389298544148
UKBB,af5,female,CL(ECG)+RS,2662,82,0.8292919266401967,0.7847007941009643,0.8696614435621101
UKBB,af5,female,CL(ECG+MRI)+RS,2662,82,0.8472915484968803,0.8023020656078654,0.8858078086594819
UKBB,af5,male,RiskScore,2485,179,0.7508442876731577,0.7121773052566295,0.7849250437285293
UKBB,af5,male,ECG-FM,2485,179,0.732001046577546,0.6912158348151773,0.773545874982436
UKBB,af5,male,CL(ECG),2485,179,0.7461455905652973,0.703741999253829,0.7814539857161547
UKBB,af5,male,CL(ECG+MRI),2485,179,0.7866217348960932,0.7486689750323422,0.8207635110254037
UKBB,af5,male,CL(ECG)+RS,2485,179,0.7897033243372887,0.7571855906622026,0.823430618207542
UKBB,af5,male,CL(ECG+MRI)+RS,2485,179,0.8040840750628674,0.7702784090083193,0.8370598075460179
UKBB,hf5,ALL,RiskScore,5153,127,0.7663864440343285,0.7265853389148084,0.803596142578278
UKBB,hf5,ALL,ECG-FM,5153,127,0.7968500803694802,0.7541984045169842,0.8394825646794151
UKBB,hf5,ALL,CL(ECG),5153,127,0.8169636003020514,0.7724742754996851,0.8580272347572152
UKBB,hf5,ALL,CL(ECG+MRI),5153,127,0.8295783187268723,0.7859124090164217,0.8694441267613137
UKBB,hf5,ALL,CL(ECG)+RS,5153,127,0.8241992035118173,0.782457050111076,0.8609980855457134
UKBB,hf5,ALL,CL(ECG+MRI)+RS,5153,127,0.8353631979846531,0.7988557532327957,0.8694541533631416
UKBB,hf5,age<65,RiskScore,2911,32,0.718522056269538,0.6404942037165683,0.7919416464050016
UKBB,hf5,age<65,ECG-FM,2911,32,0.7538967523445641,0.6635224904480722,0.8436325004341786
UKBB,hf5,age<65,CL(ECG),2911,32,0.7578043591524835,0.6541462693209448,0.8461842490882251
UKBB,hf5,age<65,CL(ECG+MRI),2911,32,0.7780153699201111,0.6734113136071553,0.8741982622004169
UKBB,hf5,age<65,CL(ECG)+RS,2911,32,0.781152309829802,0.7087568383119138,0.8533893061827023
UKBB,hf5,age<65,CL(ECG+MRI)+RS,2911,32,0.7997460055574852,0.728957537339354,0.8627792310698159
UKBB,hf5,age>=65,RiskScore,2242,95,0.7060378006030447,0.6497840315740445,0.7574411050915598
UKBB,hf5,age>=65,ECG-FM,2242,95,0.7756968107273307,0.7199955874782439,0.8229660726104969
UKBB,hf5,age>=65,CL(ECG),2242,95,0.8061039884293874,0.7490301032039811,0.8574659255264383
UKBB,hf5,age>=65,CL(ECG+MRI),2242,95,0.819422449930135,0.7714111489716373,0.8655521780697669
UKBB,hf5,age>=65,CL(ECG)+RS,2242,95,0.8005736278283039,0.7479012330546907,0.8494141151668178
UKBB,hf5,age>=65,CL(ECG+MRI)+RS,2242,95,0.8165224425759321,0.7670012011864781,0.8591817223543254
UKBB,hf5,female,RiskScore,2669,43,0.7976230538975185,0.7342113303459147,0.8533913990683505
UKBB,hf5,female,ECG-FM,2669,43,0.7632618360226004,0.6865214137692839,0.834488522644751
UKBB,hf5,female,CL(ECG),2669,43,0.81183690819887,0.7353906153137675,0.8734120113710835
UKBB,hf5,female,CL(ECG+MRI),2669,43,0.8355975132396961,0.7642728572946741,0.8977718344285234
UKBB,hf5,female,CL(ECG)+RS,2669,43,0.8296020120795622,0.7681421473989974,0.8884427194955632
UKBB,hf5,female,CL(ECG+MRI)+RS,2669,43,0.8466320692892187,0.7848624665686604,0.8987734462176092
UKBB,hf5,male,RiskScore,2484,84,0.7230803571428571,0.6660042162698413,0.7781194196428571
UKBB,hf5,male,ECG-FM,2484,84,0.8099255952380953,0.7546612103174604,0.8631045386904761
UKBB,hf5,male,CL(ECG),2484,84,0.8079265873015873,0.746972904265873,0.8674847470238095
UKBB,hf5,male,CL(ECG+MRI),2484,84,0.8186631944444445,0.7638673735119048,0.869593998015873
UKBB,hf5,male,CL(ECG)+RS,2484,84,0.8104563492063492,0.7563451140873015,0.859118179563492
UKBB,hf5,male,CL(ECG+MRI)+RS,2484,84,0.8158482142857143,0.7625078125,0.8663292410714285
CHS,af5,ALL,RiskScore,6605,944,0.6992639760897488,0.680911348162719,0.7167323386447265
CHS,af5,ALL,CL(ECG),6605,944,0.6793553274111599,0.6603047978811313,0.6973069997964066
CHS,af5,ALL,CL(ECG)+RS,6605,944,0.717878272090635,0.7011652355246573,0.7344930486318821
CHS,af5,age<75,RiskScore,3964,390,0.6661745082002497,0.634953600074613,0.6946602599974172
CHS,af5,age<75,CL(ECG),3964,390,0.6663050808546052,0.6387199216564075,0.6942796981045443
CHS,af5,age<75,CL(ECG)+RS,3964,390,0.696100038741337,0.6689178432554201,0.7249356283988349
CHS,af5,age>=75,RiskScore,2641,554,0.6523921508253777,0.6256284823187724,0.6798424664287605
CHS,af5,age>=75,CL(ECG),2641,554,0.6710035824313828,0.6458832310728785,0.6962437229609462
CHS,af5,age>=75,CL(ECG)+RS,2641,554,0.6939624527978772,0.6699075763839758,0.7187979697249087
CHS,af5,female,RiskScore,4035,462,0.6775624785700353,0.6511935657401652,0.7032450115888403
CHS,af5,female,CL(ECG),4035,462,0.6845527361900158,0.6579720680476349,0.7090744163477161
CHS,af5,female,CL(ECG)+RS,4035,462,0.7106945671177409,0.6860404452343999,0.7354739975017054
CHS,af5,male,RiskScore,2570,482,0.6990315138074117,0.6733285241888046,0.7245029888237071
CHS,af5,male,CL(ECG),2570,482,0.6653203049236102,0.6386464444126484,0.6928616993370534
CHS,af5,male,CL(ECG)+RS,2570,482,0.7079468132462123,0.682761204114402,0.7329852913705664
CHS,hf5,ALL,RiskScore,6314,489,0.7509118196898286,0.7272592046481828,0.7712236586885736
CHS,hf5,ALL,CL(ECG),6314,489,0.7196229495247374,0.6961639678067704,0.7413469724496872
CHS,hf5,ALL,CL(ECG)+RS,6314,489,0.7922560713376691,0.7717832837445255,0.8128995848582988
CHS,hf5,age<75,RiskScore,3842,195,0.7289363227942882,0.6952870641834173,0.7643792579781064
CHS,hf5,age<75,CL(ECG),3842,195,0.7212714348990741,0.6848873679104006,0.758712535065702
CHS,hf5,age<75,CL(ECG)+RS,3842,195,0.7768225376670674,0.7402215730526671,0.8090542982289622
CHS,hf5,age>=75,RiskScore,2472,294,0.7237745419563602,0.6943628851908072,0.7517203185222666
CHS,hf5,age>=75,CL(ECG),2472,294,0.6992435174253356,0.6648764625225665,0.7315558960039479
CHS,hf5,age>=75,CL(ECG)+RS,2472,294,0.7705549621134037,0.7437323138621841,0.796575838783631
CHS,hf5,female,RiskScore,3879,242,0.7409657855329863,0.7080291346741594,0.7719080126886886
CHS,hf5,female,CL(ECG),3879,242,0.7209976890407815,0.6887803157174768,0.7526385723407495
CHS,hf5,female,CL(ECG)+RS,3879,242,0.7842241244145911,0.754935045457954,0.8112568652758495
CHS,hf5,male,RiskScore,2435,247,0.7463048353551577,0.7134561261648003,0.776213187130391
CHS,hf5,male,CL(ECG),2435,247,0.7119196352574588,0.6783130657469154,0.7456430548668112
CHS,hf5,male,CL(ECG)+RS,2435,247,0.7894348266954829,0.7597058208557536,0.8206488834940678
MESA,af5,ALL,RiskScore,7412,436,0.7705800621791095,0.7500847762446343,0.7924460453534004
MESA,af5,ALL,CL(ECG),7412,436,0.7089907862343237,0.6835983858155879,0.733056620076172
MESA,af5,ALL,CL(ECG)+RS,7412,436,0.7804191697878966,0.7593758383921808,0.8008706374016286
MESA,af5,age<65,RiskScore,3626,53,0.7145308894275199,0.6465357318251668,0.7781849193901852
MESA,af5,age<65,CL(ECG),3626,53,0.6766049353378852,0.6036830209802027,0.7523748607216598
MESA,af5,age<65,CL(ECG)+RS,3626,53,0.7445305197788444,0.6736173819368534,0.810412343097339
MESA,af5,age>=65,RiskScore,3786,383,0.6605583001943455,0.631388580495324,0.6896122795966392
MESA,af5,age>=65,CL(ECG),3786,383,0.6679039919468999,0.6377039649395518,0.6995372689893498
MESA,af5,age>=65,CL(ECG)+RS,3786,383,0.6908955314347884,0.6598637049631373,0.7196208574986439
MESA,af5,female,RiskScore,3955,208,0.7650761634948985,0.7375962949847057,0.7940758696700951
MESA,af5,female,CL(ECG),3955,208,0.6993659029787933,0.6596149355381741,0.7383627735521751
MESA,af5,female,CL(ECG)+RS,3955,208,0.7706139270390672,0.7396463966044631,0.8034426258955882
MESA,af5,male,RiskScore,3457,228,0.773544848494727,0.7455158975947146,0.8016677940593199
MESA,af5,male,CL(ECG),3457,228,0.7171561995729491,0.6805471793450799,0.7549943154960799
MESA,af5,male,CL(ECG)+RS,3457,228,0.7879225005840709,0.7604509638528032,0.815008482610987
MESA,hf5,ALL,RiskScore,8208,169,0.7885934766239435,0.7565254738180954,0.8218471379539538
MESA,hf5,ALL,CL(ECG),8208,169,0.7516088359189779,0.709237272291661,0.7891638101533132
MESA,hf5,ALL,CL(ECG)+RS,8208,169,0.8258725400065214,0.7970045988822243,0.8517784417826998
MESA,hf5,age<65,RiskScore,4066,30,0.7465642550379914,0.6617271638586059,0.8225970432771721
MESA,hf5,age<65,CL(ECG),4066,30,0.7901883052527254,0.6894778245787909,0.8763111166171127
MESA,hf5,age<65,CL(ECG)+RS,4066,30,0.8399983481995374,0.7729135695407995,0.899089032044929
MESA,hf5,age>=65,RiskScore,4142,139,0.732544117092037,0.6916027457823898,0.7708720707670685
MESA,hf5,age>=65,CL(ECG),4142,139,0.7061430545795689,0.6609940026994143,0.7524630807469938
MESA,hf5,age>=65,CL(ECG)+RS,4142,139,0.7671153109987653,0.7251888421813136,0.8061145238193657
MESA,hf5,female,RiskScore,4365,66,0.811503027483488,0.7607339973355326,0.8537470835359879
MESA,hf5,female,CL(ECG),4365,66,0.7977577590278219,0.7408661810005146,0.8486482057138024
MESA,hf5,female,CL(ECG)+RS,4365,66,0.8656875806212861,0.8298610670557635,0.8979839391824737
MESA,hf5,male,RiskScore,3843,103,0.7660479725870931,0.7218224650848866,0.8085134468615337
MESA,hf5,male,CL(ECG),3843,103,0.7231971341051866,0.6658401692539329,0.7805347593582888
MESA,hf5,male,CL(ECG)+RS,3843,103,0.7950158351072114,0.7539268469965215,0.8321949794922382
